{
  "parameters": "<lora:ck-ghost-reaper:0.9>, This is a digital artwork in the style of ckgr,.Inkpunk Anime, inksketch in red and black, image of shinto shrine on top of a mountain, long flight of steps up to it, canyon, ravine, sunset, mist.Steps: 30, Sampler: DPM++ 2M AYS, Guidance Scale: 5.0, Seed: 1105283975, Size: 512x768, Model: flux_1_dev_q5p.ckpt, Strength: 1.0, Seed Mode: Scale Alike, Shift: 2.0475965, LoRA 1 Model: flux_faetastic_details_v1.0_lora_f16.ckpt, LoRA 1 Weight: 0.8, LoRA 2 Model: aidmamj6.1_flux_v0.5_lora_f16.ckpt, LoRA 2 Weight: 1.0",
  "userComment": "{\"c\":\"<lora:ck-ghost-reaper:0.9>, This is a digital artwork in the style of ckgr,\\nInkpunk Anime, inksketch in red and black, image of shinto shrine on top of a mountain, long flight of steps up to it, canyon, ravine, sunset, mist\",\"lora\":[{\"model\":\"flux_faetastic_details_v1.0_lora_f16.ckpt\",\"weight\":0.80000001192092896},{\"model\":\"aidmamj6.1_flux_v0.5_lora_f16.ckpt\",\"weight\":1}],\"mask_blur\":1.5,\"model\":\"flux_1_dev_q5p.ckpt\",\"profile\":{\"duration\":196.44130275002681,\"timings\":[{\"durations\":[2.4775541666895151],\"name\":\"text_encoded\"},{\"durations\":[9.5674204166571144,7.3439619166601915,5.9476407500042114,6.0783326666569337,5.873463374999119,6.0534575416822918,5.8913597500068136,6.0512852083193138,5.9197092916583642,6.104770666686818,5.8845037083374336,6.0622898750007153,5.9036076666670851,6.0441512916586362,5.9019867916649673,6.0543581249949057,5.9745004166616127,5.9878541250072885,5.9730855000088923,6.0402138333301991,5.9897472499869764,5.9648539166664705,5.9656847916776314,5.9823089583369438,5.9948772916686721,6.0173178333207034,6.0227211250166874,6.1077974166546483,6.3961283333192114,6.4632371250190772,7.3447801249858458],\"name\":\"sampling\"},{\"durations\":[1.0487087083456572],\"name\":\"image_decoded\"}]},\"sampler\":\"DPM++ 2M AYS\",\"scale\":5,\"seed\":1105283975,\"seed_mode\":\"Scale Alike\",\"shift\":2.0475964546203613,\"size\":\"512x768\",\"steps\":30,\"strength\":1,\"uc\":\"\",\"v2\":{\"aestheticScore\":6,\"batchCount\":1,\"batchSize\":1,\"clipSkip\":1,\"clipWeight\":1,\"controls\":[],\"cropLeft\":0,\"cropTop\":0,\"decodingTileHeight\":640,\"decodingTileOverlap\":128,\"decodingTileWidth\":640,\"diffusionTileHeight\":1024,\"diffusionTileOverlap\":128,\"diffusionTileWidth\":1024,\"fps\":5,\"guidanceEmbed\":3.5,\"guidanceScale\":5,\"guidingFrameNoise\":0.02,\"height\":768,\"hiresFix\":false,\"hiresFixHeight\":576,\"hiresFixStrength\":0.69999999999999996,\"hiresFixWidth\":384,\"id\":0,\"imageGuidanceScale\":1.5,\"imagePriorSteps\":5,\"loras\":[{\"file\":\"flux_faetastic_details_v1.0_lora_f16.ckpt\",\"weight\":0.80000000000000004},{\"file\":\"aidmamj6.1_flux_v0.5_lora_f16.ckpt\",\"weight\":1}],\"maskBlur\":1.5,\"maskBlurOutset\":0,\"model\":\"flux_1_dev_q5p.ckpt\",\"motionScale\":127,\"negativeAestheticScore\":2.5,\"negativeOriginalImageHeight\":512,\"negativeOriginalImageWidth\":512,\"negativePromptForImagePrior\":true,\"numFrames\":14,\"originalImageHeight\":768,\"originalImageWidth\":512,\"preserveOriginalAfterInpaint\":true,\"refinerStart\":0.84999999999999998,\"resolutionDependentShift\":true,\"sampler\":12,\"seed\":1105283975,\"seedMode\":2,\"separateClipL\":false,\"separateOpenClipG\":false,\"sharpness\":0,\"shift\":2.0475965,\"speedUpWithGuidanceEmbed\":true,\"stage2Guidance\":1,\"stage2Shift\":1,\"stage2Steps\":10,\"startFrameGuidance\":1,\"steps\":30,\"stochasticSamplingGamma\":0.29999999999999999,\"strength\":1,\"t5TextEncoder\":true,\"targetImageHeight\":768,\"targetImageWidth\":512,\"tiledDecoding\":false,\"tiledDiffusion\":false,\"upscalerScaleFactor\":0,\"width\":512,\"zeroNegativePrompt\":false}}"
}